aged_completion_rate_median,aged_completion_rate_peak,cell_id,chaos_recovery_time_s,claim_p99_ms_median,claim_p99_ms_peak,completion_rate_median,completion_rate_peak,end_to_end_p99_ms_median,end_to_end_p99_ms_peak,enqueue_rate_median,enqueue_rate_peak,jobs_lost,missing,phase,phase_label,phase_type,producer_p99_ms_median,producer_p99_ms_peak,queue_depth_median,queue_depth_peak,rc,retryable_failure_rate_median,retryable_failure_rate_peak,run_dir,subscriber_p99_ms_median,subscriber_p99_ms_peak,system,worker_count
0.0,0.0,perf_w4_shared,,14123.007,14999.551,426.7856255086473,455.7480282267036,14131.199,14999.551,451.1719673703106,619.6538440771965,,,A,clean,clean,0.665,1.491,4695.0,6072.0,0,0.0,0.0,/home/brian/dev/postgresql-job-queue-benchmarking/results/custom-20260508T122334Z-3bd3eb,14123.007,14999.551,awa,4
,,perf_w4_shared,,28691.0,33156.0,219.2,242.4,28692.0,33158.0,248.0,544.0,,,A,clean,clean,1.0024986695498228,1.0079412022605538,4860.0,6312.0,0,,,/home/brian/dev/postgresql-job-queue-benchmarking/results/custom-20260508T122334Z-3bd3eb,28691.0,33156.0,absurd,4
,,perf_w4_shared,,16.0,31.0,247.40103958416637,276.4341395162902,,,247.2763243293528,276.2342594443334,,,A,clean,clean,,,2.0,3.0,0,,,/home/brian/dev/postgresql-job-queue-benchmarking/results/custom-20260508T122334Z-3bd3eb,,,oban,4
,,perf_w4_shared,,8012.0,8196.0,512.0,512.0,8077.0,8260.0,512.0,512.0,,,A,clean,clean,0.109375,0.671875,4000.0,4000.0,0,,,/home/brian/dev/postgresql-job-queue-benchmarking/results/custom-20260508T122334Z-3bd3eb,8012.0,8196.0,pgboss,4
,,perf_w4_shared,,801.511,1656.72,247.2573285665948,266.6087594537055,,,249.11415005629615,269.20689579021087,,,A,clean,clean,,,199.5,367.0,0,,,/home/brian/dev/postgresql-job-queue-benchmarking/results/custom-20260508T122334Z-3bd3eb,,,procrastinate,4
,,perf_w4_shared,,51433.5,51792.0,79.19989213774349,79.21165647051959,,,78.10138321077554,89.78521347072098,,,A,clean,clean,,,4033.0,4071.0,0,,,/home/brian/dev/postgresql-job-queue-benchmarking/results/custom-20260508T122334Z-3bd3eb,,,river,4
,,perf_w4_pgque,,6134.432500000001,7214.292,3439.140837931758,3460.9831902943974,6135.503,7215.361,3195.3350778981553,5992.536577207951,,,A,clean,clean,0.01887155300937593,0.027348152128979564,9000.0,21000.0,0,,,/home/brian/dev/postgresql-job-queue-benchmarking/results/custom-20260508T124550Z-7237b6,6134.432500000001,7214.292,pgque,4
,,perf_w4_pgmq,,1157.0,1514.0,3571.2,3622.4,1225.0,1582.0,3584.0,3622.4,,,A,clean,clean,0.07819450729584787,0.10290929640177637,4000.0,4000.0,0,,,/home/brian/dev/postgresql-job-queue-benchmarking/results/custom-20260508T124943Z-a2fb63,1157.0,1514.0,pgmq,4
0.0,0.0,perf_w16_shared,,4051.967,4468.735,1729.169623531424,1879.0273687852375,4054.0150000000003,4468.735,1698.0181092369314,2150.3243391178685,,,A,clean,clean,0.242,0.494,4959.0,6896.0,0,0.0,0.0,/home/brian/dev/postgresql-job-queue-benchmarking/results/custom-20260508T125327Z-a7a48b,4051.967,4468.735,awa,16
,,perf_w16_shared,,20514.0,22528.0,339.2,368.0,20515.0,22530.0,393.6,889.6,,,A,clean,clean,0.25271409685956314,0.30632474226877093,5208.0,7104.0,0,,,/home/brian/dev/postgresql-job-queue-benchmarking/results/custom-20260508T125327Z-a7a48b,20514.0,22528.0,absurd,16
,,perf_w16_shared,,16.0,21.0,249.07546475713133,289.6262242654407,,,249.07544477711616,289.6262242654407,,,A,clean,clean,,,2.0,4.0,0,,,/home/brian/dev/postgresql-job-queue-benchmarking/results/custom-20260508T125327Z-a7a48b,,,oban,16
,,perf_w16_shared,,1965.0,2001.0,2048.0,2048.0,2030.5,2068.0,2048.0,2060.8,,,A,clean,clean,0.13671875,0.2421875,4000.0,4000.0,0,,,/home/brian/dev/postgresql-job-queue-benchmarking/results/custom-20260508T125327Z-a7a48b,1965.0,2001.0,pgboss,16
,,perf_w16_shared,,859.4490000000001,1383.4569999999999,268.2963069327169,276.44793141955535,,,269.8010717398019,277.44738164160725,,,A,clean,clean,,,135.0,244.0,0,,,/home/brian/dev/postgresql-job-queue-benchmarking/results/custom-20260508T125327Z-a7a48b,,,procrastinate,16
,,perf_w16_shared,,12798.5,13504.0,316.7923758095887,320.03530674308934,,,315.4007321408435,331.18292493699266,,,A,clean,clean,,,3983.5,4039.0,0,,,/home/brian/dev/postgresql-job-queue-benchmarking/results/custom-20260508T125327Z-a7a48b,,,river,16
,,perf_w16_pgque,,1876.0645,2385.4860000000003,11505.427768759775,11655.405358527187,1877.1675,2391.254,11280.231727035101,13782.88042695616,,,A,clean,clean,0.025077644968405366,0.11501787509769201,10000.0,20000.0,0,,,/home/brian/dev/postgresql-job-queue-benchmarking/results/custom-20260508T131543Z-e736e2,1876.0645,2385.4860000000003,pgque,16
,,perf_w16_pgmq,,388.5,772.0,11276.8,14195.2,458.0,943.0,11225.599999999999,14156.8,,,A,clean,clean,0.1094776362151606,0.9742565453052521,3872.0,4000.0,0,,,/home/brian/dev/postgresql-job-queue-benchmarking/results/custom-20260508T131940Z-51fa84,388.5,772.0,pgmq,16
0.0,0.0,perf_w64_shared,,1661.4389999999999,1889.279,5369.400012772881,7060.258582296533,1663.487,1890.303,5305.543647846267,7038.788724411328,,,A,clean,clean,0.296,0.427,4544.0,6464.0,0,0.0,0.0,/home/brian/dev/postgresql-job-queue-benchmarking/results/custom-20260508T132325Z-7cf315,1661.4389999999999,1889.279,awa,64
,,perf_w64_shared,,18852.5,21031.0,398.1,422.4,18853.5,21032.0,537.6,972.8,,,A,clean,clean,0.17449074948672205,0.21019081395934336,5568.0,7520.0,0,,,/home/brian/dev/postgresql-job-queue-benchmarking/results/custom-20260508T132325Z-7cf315,18852.5,21031.0,absurd,64
,,perf_w64_shared,,16.0,126.0,283.92964221467116,297.16227018385297,,,284.32940235858484,297.761790567546,,,A,clean,clean,,,2.0,4.0,0,,,/home/brian/dev/postgresql-job-queue-benchmarking/results/custom-20260508T132325Z-7cf315,,,oban,64
,,perf_w64_shared,,347.0,568.0,2387.2,3840.0,413.0,634.0,2368.0,3814.4,,,A,clean,clean,0.1953125,1.0859375,640.0,1536.0,0,,,/home/brian/dev/postgresql-job-queue-benchmarking/results/custom-20260508T132325Z-7cf315,347.0,568.0,pgboss,64
,,perf_w64_shared,,876.657,1488.076,269.0491305869133,274.65403402455075,,,270.27198331612067,276.45307791554126,,,A,clean,clean,,,102.5,226.0,0,,,/home/brian/dev/postgresql-job-queue-benchmarking/results/custom-20260508T132325Z-7cf315,,,procrastinate,64
,,perf_w64_shared,,131.0,141.0,500.8722902215294,517.8590942476783,,,501.17227125036914,516.6143215822229,,,A,clean,clean,,,12.0,26.0,0,,,/home/brian/dev/postgresql-job-queue-benchmarking/results/custom-20260508T132325Z-7cf315,,,river,64
,,perf_w64_pgque,,713.189,1447.303,27718.979062925748,28792.201460810873,714.2115,1448.577,27690.12643420058,30740.943039468657,,,A,clean,clean,0.03096804697997868,0.3220480689778924,7000.0,23000.0,0,,,/home/brian/dev/postgresql-job-queue-benchmarking/results/custom-20260508T134550Z-95ebda,713.189,1447.303,pgque,64
,,perf_w64_pgmq,,160.0,359.0,10243.3,26486.4,259.5,477.0,10291.2,26521.6,,,A,clean,clean,0.6603433976124506,0.9919067342707422,404.5,1370.0,0,,,/home/brian/dev/postgresql-job-queue-benchmarking/results/custom-20260508T134937Z-92b8d3,160.0,359.0,pgmq,64
0.0,0.0,perf_w128_shared,,1034.239,1541.119,8498.813574271488,11404.768714438464,1036.287,1543.167,8661.387477496115,11225.709233236916,,,A,clean,clean,0.35450000000000004,0.414,3554.0,6341.0,0,0.0,0.0,/home/brian/dev/postgresql-job-queue-benchmarking/results/custom-20260508T135326Z-fd43d5,1034.239,1541.119,awa,128
,,perf_w128_shared,,18815.0,19297.0,409.6,460.8,18816.0,19298.0,640.0,819.2,,,A,clean,clean,0.1720442232908681,1.6318453981511993,5728.0,7328.0,0,,,/home/brian/dev/postgresql-job-queue-benchmarking/results/custom-20260508T135326Z-fd43d5,18815.0,19297.0,absurd,128
,,perf_w128_shared,,17.5,49.0,283.25841360437636,301.0193883669798,,,283.15847356839794,301.0193883669798,,,A,clean,clean,,,2.0,4.0,0,,,/home/brian/dev/postgresql-job-queue-benchmarking/results/custom-20260508T135326Z-fd43d5,,,oban,128
,,perf_w128_shared,,285.0,670.0,2387.2,4531.2,350.0,734.0,2393.6000000000004,4505.6,,,A,clean,clean,0.21875,0.96875,512.0,896.0,0,,,/home/brian/dev/postgresql-job-queue-benchmarking/results/custom-20260508T135326Z-fd43d5,285.0,670.0,pgboss,128
,,perf_w128_shared,,910.6955,1578.9189999999999,263.9414948238208,275.3819284620032,,,264.54106776382656,276.38113720098,,,A,clean,clean,,,121.0,240.0,0,,,/home/brian/dev/postgresql-job-queue-benchmarking/results/custom-20260508T135326Z-fd43d5,,,procrastinate,128
,,perf_w128_shared,,94.0,133.0,491.20005788972355,513.4010669500973,,,491.90004995879895,511.24174667180466,,,A,clean,clean,,,11.5,27.0,0,,,/home/brian/dev/postgresql-job-queue-benchmarking/results/custom-20260508T135326Z-fd43d5,,,river,128
,,perf_w128_pgque,,413.13649999999996,767.335,34433.43302934048,37029.78663117379,414.625,768.747,34295.61957480486,38492.06524259304,,,A,clean,clean,0.03378048446029425,0.1724387208620707,6000.0,20000.0,0,,,/home/brian/dev/postgresql-job-queue-benchmarking/results/custom-20260508T141549Z-f3c88a,413.13649999999996,767.335,pgque,128
,,perf_w128_pgmq,,177.0,1198.0,6179.6,21065.6,271.0,2306.0,6169.6,21120.0,,,A,clean,clean,0.7661261188331991,6.211977382918121,256.0,856.0,0,,,/home/brian/dev/postgresql-job-queue-benchmarking/results/custom-20260508T141946Z-b261c9,177.0,1198.0,pgmq,128
0.0,0.0,perf_w256_topscale,,361.087,566.271,14157.67929434553,18304.59511899651,363.135,567.295,14156.556453848312,17843.78013697981,,,A,clean,clean,0.31,0.407,2208.0,3968.0,0,0.0,0.0,/home/brian/dev/postgresql-job-queue-benchmarking/results/custom-20260508T142338Z-068f93,361.087,566.271,awa,256
,,perf_w256_topscale,,373.0,528.0,2356.1,4428.8,437.5,574.0,2380.8,4582.4,,,A,clean,clean,0.20703125,2.9453125,352.0,1856.0,0,,,/home/brian/dev/postgresql-job-queue-benchmarking/results/custom-20260508T142338Z-068f93,373.0,528.0,pgboss,256
,,perf_w256_pgque,,228.83249999999998,505.281,39898.10784512147,43131.4362512574,231.9795,506.729,39919.079566940745,44084.01033644352,,,A,clean,clean,0.03664701897650957,0.22680342593230307,3065.5,13000.0,0,,,/home/brian/dev/postgresql-job-queue-benchmarking/results/custom-20260508T143116Z-10fb2d,228.83249999999998,505.281,pgque,256
,,perf_w256_pgmq,,302.0,507.0,3251.6,7990.4,885.0,1398.0,3200.0,7961.6,,,A,clean,clean,0.9655777621446759,1.446564163416042,296.0,1308.0,0,,,/home/brian/dev/postgresql-job-queue-benchmarking/results/custom-20260508T143513Z-541a37,302.0,507.0,pgmq,256
0.0,0.0,perf_w64_awa_dl30s,,1556.4789999999998,1864.703,4966.115002381064,6444.505314683278,1558.527,1866.751,4953.932727841162,7039.678099455417,,,A5,clean,clean,0.2415,0.399,4272.0,5920.0,0,0.0,0.0,/home/brian/dev/postgresql-job-queue-benchmarking/results/custom-20260508T145431Z-8edc57,1556.4789999999998,1864.703,awa,64
0.0,0.0,perf_w128_awa_dl30s,,836.095,1549.311,8389.841820857917,11342.852128354407,837.119,1551.359,8321.90184009274,11854.436763421912,,,A5,clean,clean,0.259,0.419,3540.0,5632.0,0,0.0,0.0,/home/brian/dev/postgresql-job-queue-benchmarking/results/custom-20260508T145829Z-b697a0,836.095,1549.311,awa,128
0.0,0.0,perf_w256_awa_dl30s,,451.071,540.159,13597.46236885558,17971.313478061827,453.119,542.207,13599.325769367202,18099.267155520854,,,A5,clean,clean,0.401,0.446,2240.0,4224.0,0,0.0,0.0,/home/brian/dev/postgresql-job-queue-benchmarking/results/custom-20260508T150227Z-fa72e1,451.071,540.159,awa,256
,,perf_w64_pgque_shared,,448.937,754.02,23979.02038995371,25972.583680909822,450.196,755.266,23869.722920419288,27558.888433133114,,,A5,clean,clean,0.03379889810457826,0.1364481020718813,8500.0,15000.0,0,,,/home/brian/dev/postgresql-job-queue-benchmarking/results/custom-20260508T150619Z-c0e3f7,448.937,754.02,pgque,64
0.0,0.0,chaos_postgres_restart_awa,,23.011,34.015,599.9888404142027,601.6043072461981,24.506999999999998,35.007,599.9888404142027,601.5283716857791,,,B,baseline,clean,0.41200000000000003,0.526,0.0,15.0,0,0.0,0.0,/home/brian/dev/postgresql-job-queue-benchmarking/results/chaos_postgres_restart-20260508T152311Z-64403e,23.011,34.015,awa,1
0.0,0.0,chaos_postgres_restart_awa,,12.007,13.007,0.0,496.18314783404026,13.007,14.007,0.0,499.1830459467007,,,B,restart,postgres-restart,0.332,0.336,0.0,0.0,0,0.0,0.0,/home/brian/dev/postgresql-job-queue-benchmarking/results/chaos_postgres_restart-20260508T152311Z-64403e,12.007,13.007,awa,1
0.0,0.0,chaos_postgres_restart_awa,,210.047,250.111,601.6564177940429,2484.4478664071776,211.071,251.007,601.715446472615,2423.736223332573,,,B,recovery,clean,0.538,0.6,7.5,423.0,0,0.0,0.0,/home/brian/dev/postgresql-job-queue-benchmarking/results/chaos_postgres_restart-20260508T152311Z-64403e,210.047,250.111,awa,1
,,chaos_postgres_restart_absurd,,40258.0,58559.0,204.4,211.2,40260.0,58561.0,600.9,601.2,,,B,baseline,clean,3.878964460454881,3.9533639792352915,24232.5,35132.0,0,,,/home/brian/dev/postgresql-job-queue-benchmarking/results/chaos_postgres_restart-20260508T152714Z-de5d5a,40258.0,58559.0,absurd,1
,,chaos_postgres_restart_absurd,,58785.0,58822.0,0.0,6.4,58786.0,58823.0,0.0,26.2,,,B,restart,postgres-restart,3.9551674854010344,3.9745629765093327,35223.0,35223.0,0,,,/home/brian/dev/postgresql-job-queue-benchmarking/results/chaos_postgres_restart-20260508T152714Z-de5d5a,58785.0,58822.0,absurd,1
,,chaos_postgres_restart_absurd,,,,0.0,0.0,,,0.0,0.0,,,B,recovery,clean,,,35223.0,35223.0,0,,,/home/brian/dev/postgresql-job-queue-benchmarking/results/chaos_postgres_restart-20260508T152714Z-de5d5a,,,absurd,1
,,chaos_postgres_restart_oban,,17.0,17.0,245.377363745687,248.50059976009598,,,245.47732376168062,248.30067972810878,,,B,baseline,clean,,,2.0,3.0,0,,,/home/brian/dev/postgresql-job-queue-benchmarking/results/chaos_postgres_restart-20260508T153058Z-e13ea8,,,oban,1
,,chaos_postgres_restart_oban,,15637.0,31259.0,0.0,104.9370377773336,,,0.0,105.13691784929043,,,B,restart,postgres-restart,,,2.0,2.0,0,,,/home/brian/dev/postgresql-job-queue-benchmarking/results/chaos_postgres_restart-20260508T153058Z-e13ea8,,,oban,1
,,chaos_postgres_restart_oban,,0.0,0.0,0.0,0.0,,,0.0,0.0,,,B,recovery,clean,,,2.0,2.0,0,,,/home/brian/dev/postgresql-job-queue-benchmarking/results/chaos_postgres_restart-20260508T153058Z-e13ea8,,,oban,1
,,chaos_postgres_restart_pgboss,,,,,,,,,,,True,B,?,?,,,,,1,,,,,,?,1
,,chaos_postgres_restart_procrastinate,,258.254,468.368,247.6896781250809,248.06175711609973,,,249.27741494432635,249.7062079016016,,,B,baseline,clean,,,63.5,117.0,0,,,/home/brian/dev/postgresql-job-queue-benchmarking/results/chaos_postgres_restart-20260508T153631Z-c312a7,,,procrastinate,1
,,chaos_postgres_restart_procrastinate,,240.224,482.47499999999997,0.0,102.72469737301516,,,108.92720856186112,378.4366354055209,,,B,restart,postgres-restart,,,391.5,9543.0,0,,,/home/brian/dev/postgresql-job-queue-benchmarking/results/chaos_postgres_restart-20260508T153631Z-c312a7,,,procrastinate,1
,,chaos_postgres_restart_procrastinate,,0.0,0.0,0.0,0.0,,,353.79225207471643,358.8165224066399,,,B,recovery,clean,,,21079.5,30784.0,0,,,/home/brian/dev/postgresql-job-queue-benchmarking/results/chaos_postgres_restart-20260508T153631Z-c312a7,,,procrastinate,1
,,chaos_postgres_restart_river,,55.0,55.0,233.3202374920191,236.81259591988942,,,233.5004073496877,237.01260655833528,,,B,baseline,clean,,,8.5,11.0,0,,,/home/brian/dev/postgresql-job-queue-benchmarking/results/chaos_postgres_restart-20260508T154015Z-f334a0,,,river,1
,,chaos_postgres_restart_river,,55.0,62.0,79.50636155951193,234.99518504265657,,,79.9064199667592,234.7951891404926,,,B,restart,postgres-restart,,,5.0,6.0,0,,,/home/brian/dev/postgresql-job-queue-benchmarking/results/chaos_postgres_restart-20260508T154015Z-f334a0,,,river,1
,,chaos_postgres_restart_river,,55.0,55.0,236.01067116760584,241.99636947366662,,,235.9799690339745,242.19636647323162,,,B,recovery,clean,,,5.5,12.0,0,,,/home/brian/dev/postgresql-job-queue-benchmarking/results/chaos_postgres_restart-20260508T154015Z-f334a0,,,river,1
,,chaos_postgres_restart_pgque,,114.19,114.275,600.881430882094,601.2523158503313,115.604,115.645,600.9214858034304,601.1335041481749,,,B,baseline,clean,0.3174484707415104,0.33195621023575467,0.0,0.0,0,,,/home/brian/dev/postgresql-job-queue-benchmarking/results/chaos_postgres_restart-20260508T154359Z-2477bd,114.19,114.275,pgque,1
,,chaos_postgres_restart_pgque,,112.79400000000001,114.275,294.23930518299983,4186.251802097403,114.29599999999999,115.625,298.72922336992247,4189.24811726806,,,B,restart,postgres-restart,0.3023729659616947,0.32676652384301025,0.0,0.0,0,,,/home/brian/dev/postgresql-job-queue-benchmarking/results/chaos_postgres_restart-20260508T154359Z-2477bd,112.79400000000001,114.275,pgque,1
,,chaos_postgres_restart_pgque,,113.8355,114.75399999999999,600.8808725149493,603.5489966259594,115.345,116.22300000000001,600.7731237227077,601.1425894676219,,,B,recovery,clean,0.31302887170265115,0.32463185489177704,0.0,0.0,0,,,/home/brian/dev/postgresql-job-queue-benchmarking/results/chaos_postgres_restart-20260508T154359Z-2477bd,113.8355,114.75399999999999,pgque,1
,,chaos_postgres_restart_pgmq,,333.0,404.0,601.6,602.2,345.0,410.0,601.4,602.2,,,B,baseline,clean,3.8526555290445685,3.9317579939961433,3.0,5.0,0,,,/home/brian/dev/postgresql-job-queue-benchmarking/results/chaos_postgres_restart-20260508T154743Z-677892,333.0,404.0,pgmq,1
,,chaos_postgres_restart_pgmq,,8.5,438.0,0.0,581.0,11.5,444.0,0.0,581.4,,,B,restart,postgres-restart,1.9658789969980717,3.989225020632148,2.0,2.0,0,,,/home/brian/dev/postgresql-job-queue-benchmarking/results/chaos_postgres_restart-20260508T154743Z-677892,8.5,438.0,pgmq,1
,,chaos_postgres_restart_pgmq,,0.0,0.0,0.0,0.0,0.0,0.0,0.0,0.0,,,B,recovery,clean,0.0,0.0,2.0,2.0,0,,,/home/brian/dev/postgresql-job-queue-benchmarking/results/chaos_postgres_restart-20260508T154743Z-677892,0.0,0.0,pgmq,1
0.0,0.0,chaos_pg_backend_kill_awa,,27.511000000000003,58.015,600.0364367594298,601.6781294694747,29.511000000000003,60.031,600.003857482564,601.7430150568227,,,B,baseline,clean,0.462,0.534,0.0,15.0,0,0.0,0.0,/home/brian/dev/postgresql-job-queue-benchmarking/results/chaos_pg_backend_kill-20260508T155127Z-130507,27.511000000000003,58.015,awa,1
0.0,0.0,chaos_pg_backend_kill_awa,,67.007,139.007,598.6541266701395,601.6951135567706,69.055,141.055,598.6846469317447,601.7083487470522,,,B,kills,pg-backend-kill,0.48150000000000004,0.535,0.0,15.0,0,0.0,0.0,/home/brian/dev/postgresql-job-queue-benchmarking/results/chaos_pg_backend_kill-20260508T155127Z-130507,67.007,139.007,awa,1
0.0,0.0,chaos_pg_backend_kill_awa,,13.507,139.007,598.780604890133,601.8177680677844,15.507000000000001,141.055,598.8087653157631,601.8289785467803,,,B,recovery,clean,0.336,0.534,0.0,15.0,0,0.0,0.0,/home/brian/dev/postgresql-job-queue-benchmarking/results/chaos_pg_backend_kill-20260508T155127Z-130507,13.507,139.007,awa,1
,,chaos_pg_backend_kill_absurd,,39569.0,57594.0,204.8,214.2,39571.0,57596.0,600.8,601.4,,,B,baseline,clean,3.863685065880418,3.9315868634730577,23815.0,34641.0,0,,,/home/brian/dev/postgresql-job-queue-benchmarking/results/chaos_pg_backend_kill-20260508T155524Z-4c321a,39569.0,57594.0,absurd,1
,,chaos_pg_backend_kill_absurd,,58313.0,58383.0,0.0,38.4,58314.0,58384.0,0.0,100.4,,,B,kills,pg-backend-kill,3.908328013494611,3.9760491345077753,35019.0,35019.0,0,,,/home/brian/dev/postgresql-job-queue-benchmarking/results/chaos_pg_backend_kill-20260508T155524Z-4c321a,58313.0,58383.0,absurd,1
,,chaos_pg_backend_kill_absurd,,,,0.0,0.0,,,0.0,0.0,,,B,recovery,clean,,,35019.0,35019.0,0,,,/home/brian/dev/postgresql-job-queue-benchmarking/results/chaos_pg_backend_kill-20260508T155524Z-4c321a,,,absurd,1
,,chaos_pg_backend_kill_oban,,15.5,16.0,245.27734378964783,247.8512892264641,,,245.07744373767582,248.05116929842094,,,B,baseline,clean,,,2.0,3.0,0,,,/home/brian/dev/postgresql-job-queue-benchmarking/results/chaos_pg_backend_kill-20260508T155909Z-7365d1,,,oban,1
,,chaos_pg_backend_kill_oban,,603.0,710.0,195.20233082061998,221.46711972816308,,,195.2023108406048,221.66699980011992,,,B,kills,pg-backend-kill,,,2.0,3.0,0,,,/home/brian/dev/postgresql-job-queue-benchmarking/results/chaos_pg_backend_kill-20260508T155909Z-7365d1,,,oban,1
,,chaos_pg_backend_kill_oban,,14.5,503.0,246.05236857885268,247.8512892264641,,,246.05236857885268,247.8512892264641,,,B,recovery,clean,,,2.0,2.0,0,,,/home/brian/dev/postgresql-job-queue-benchmarking/results/chaos_pg_backend_kill-20260508T155909Z-7365d1,,,oban,1
,,chaos_pg_backend_kill_pgboss,,,,,,,,,,,True,B,?,?,,,,,1,,,,,,?,1
,,chaos_pg_backend_kill_procrastinate,,261.10900000000004,496.595,247.5887935159219,308.03574277387185,,,249.18295422801083,311.6338241300884,,,B,baseline,clean,,,64.0,123.0,0,,,/home/brian/dev/postgresql-job-queue-benchmarking/results/chaos_pg_backend_kill-20260508T160442Z-66438c,,,procrastinate,1
,,chaos_pg_backend_kill_procrastinate,,1163.6685,1820.635,0.0,198.4869527091728,,,348.52748936049534,368.18151726380614,,,B,kills,pg-backend-kill,,,5543.0,15328.0,0,,,/home/brian/dev/postgresql-job-queue-benchmarking/results/chaos_pg_backend_kill-20260508T160442Z-66438c,,,procrastinate,1
,,chaos_pg_backend_kill_procrastinate,,0.0,0.0,0.0,0.0,,,359.69699308243554,375.22051964244383,,,B,recovery,clean,,,26916.0,36765.0,0,,,/home/brian/dev/postgresql-job-queue-benchmarking/results/chaos_pg_backend_kill-20260508T160442Z-66438c,,,procrastinate,1
,,chaos_pg_backend_kill_river,,55.0,55.0,232.19927902181792,233.80435675714466,,,232.39927814498176,233.60435303023522,,,B,baseline,clean,,,7.0,10.0,0,,,/home/brian/dev/postgresql-job-queue-benchmarking/results/chaos_pg_backend_kill-20260508T160825Z-fcafb7,,,river,1
,,chaos_pg_backend_kill_river,,56.0,59.0,231.38513515324718,236.19413128441997,,,231.1936940307767,236.39412631514344,,,B,kills,pg-backend-kill,,,9.0,11.0,0,,,/home/brian/dev/postgresql-job-queue-benchmarking/results/chaos_pg_backend_kill-20260508T160825Z-fcafb7,,,river,1
,,chaos_pg_backend_kill_river,,55.0,56.0,234.91646428401148,239.16969700805333,,,234.8970649067626,239.16969700805333,,,B,recovery,clean,,,8.5,10.0,0,,,/home/brian/dev/postgresql-job-queue-benchmarking/results/chaos_pg_backend_kill-20260508T160825Z-fcafb7,,,river,1
,,chaos_pg_backend_kill_pgque,,112.707,113.179,599.6855089132996,610.4059662191723,114.07300000000001,114.668,600.9059195404315,601.2179182983341,,,B,baseline,clean,0.29444199365874135,0.29726261273026466,0.0,60.0,0,,,/home/brian/dev/postgresql-job-queue-benchmarking/results/chaos_pg_backend_kill-20260508T161211Z-dc7c4d,112.707,113.179,pgque,1
,,chaos_pg_backend_kill_pgque,,113.43799999999999,128.845,598.0580111873408,603.6700095449788,114.8815,130.827,600.6267479298295,600.9647312886431,,,B,kills,pg-backend-kill,0.29404196732987964,0.3031034643451373,0.0,60.0,0,,,/home/brian/dev/postgresql-job-queue-benchmarking/results/chaos_pg_backend_kill-20260508T161211Z-dc7c4d,113.43799999999999,128.845,pgque,1
,,chaos_pg_backend_kill_pgque,,112.748,113.013,597.8987144112361,613.0248028933066,114.15950000000001,115.01,600.7319243307008,601.0489518175,,,B,recovery,clean,0.28434870473574847,0.3043198026716709,0.0,0.0,0,,,/home/brian/dev/postgresql-job-queue-benchmarking/results/chaos_pg_backend_kill-20260508T161211Z-dc7c4d,112.748,113.013,pgque,1
,,chaos_pg_backend_kill_pgmq,,41.0,67.0,601.6,605.2,51.0,78.0,601.6,602.0,,,B,baseline,clean,3.539809607900679,3.5644809249788523,3.5,5.0,0,,,/home/brian/dev/postgresql-job-queue-benchmarking/results/chaos_pg_backend_kill-20260508T161558Z-5b4211,41.0,67.0,pgmq,1
,,chaos_pg_backend_kill_pgmq,,15041.0,30021.0,0.0,539.6,15047.0,30025.0,0.0,538.8,,,B,kills,pg-backend-kill,1.7051720060408115,3.5542920231819153,0.0,0.0,0,,,/home/brian/dev/postgresql-job-queue-benchmarking/results/chaos_pg_backend_kill-20260508T161558Z-5b4211,15041.0,30021.0,pgmq,1
,,chaos_pg_backend_kill_pgmq,,0.0,0.0,0.0,0.0,0.0,0.0,0.0,0.0,,,B,recovery,clean,0.0,0.0,0.0,0.0,0,,,/home/brian/dev/postgresql-job-queue-benchmarking/results/chaos_pg_backend_kill-20260508T161558Z-5b4211,0.0,0.0,pgmq,1
0.0,0.0,chaos_pool_exhaustion_awa,,18.507,31.007,599.9999618647339,601.711534573814,20.507,33.023,600.028136520255,601.6415195219188,,,B,baseline,clean,0.37150000000000005,0.504,0.0,15.0,0,0.0,0.0,/home/brian/dev/postgresql-job-queue-benchmarking/results/chaos_pool_exhaustion-20260508T161942Z-23bf6c,18.507,31.007,awa,1
0.0,0.0,chaos_pool_exhaustion_awa,,26.007,27.007,600.0060741073662,601.6359911885921,28.007,29.007,600.0176725126088,601.6806136499614,,,B,exhaustion,pool-exhaustion,0.4605,0.504,0.0,15.0,0,0.0,0.0,/home/brian/dev/postgresql-job-queue-benchmarking/results/chaos_pool_exhaustion-20260508T161942Z-23bf6c,26.007,27.007,awa,1
0.0,0.0,chaos_pool_exhaustion_awa,,13.007,15.007,599.9455384615774,601.6764308366738,16.007,17.007,599.9772833929936,601.5116491268599,,,B,recovery,clean,0.34450000000000003,0.369,0.0,15.0,0,0.0,0.0,/home/brian/dev/postgresql-job-queue-benchmarking/results/chaos_pool_exhaustion-20260508T161942Z-23bf6c,13.007,15.007,awa,1
,,chaos_pool_exhaustion_absurd,,39664.5,57708.0,204.8,217.6,39664.0,57710.0,600.9,601.2,,,B,baseline,clean,3.901565447449684,3.9498901460319757,23857.0,34678.0,0,,,/home/brian/dev/postgresql-job-queue-benchmarking/results/chaos_pool_exhaustion-20260508T162340Z-07e16c,39664.5,57708.0,absurd,1
,,chaos_pool_exhaustion_absurd,,79674.0,98411.0,195.2,204.8,79675.0,98412.0,601.1,601.6,,,B,exhaustion,pool-exhaustion,3.935242537409067,3.968785982578993,47885.5,59077.0,0,,,/home/brian/dev/postgresql-job-queue-benchmarking/results/chaos_pool_exhaustion-20260508T162340Z-07e16c,79674.0,98411.0,absurd,1
,,chaos_pool_exhaustion_absurd,,121236.0,140647.0,179.2,185.6,121237.0,140648.0,601.2,601.8,,,B,recovery,clean,3.940582973882556,3.9710099808871746,72767.5,84438.0,0,,,/home/brian/dev/postgresql-job-queue-benchmarking/results/chaos_pool_exhaustion-20260508T162340Z-07e16c,121236.0,140647.0,absurd,1
,,chaos_pool_exhaustion_oban,,14.0,15.0,242.57884293813956,248.4509294423346,,,242.67878297411795,248.4509294423346,,,B,baseline,clean,,,2.0,2.0,0,,,/home/brian/dev/postgresql-job-queue-benchmarking/results/chaos_pool_exhaustion-20260508T162725Z-70ee44,,,oban,1
,,chaos_pool_exhaustion_oban,,15.0,16.0,205.49727340724712,212.11515393842464,,,205.49727340724712,211.71531387445023,,,B,exhaustion,pool-exhaustion,,,2.0,3.0,0,,,/home/brian/dev/postgresql-job-queue-benchmarking/results/chaos_pool_exhaustion-20260508T162725Z-70ee44,,,oban,1
,,chaos_pool_exhaustion_oban,,16.0,16.0,208.59561432272983,211.91523390643744,,,208.59561432272983,212.11515393842464,,,B,recovery,clean,,,2.0,3.0,0,,,/home/brian/dev/postgresql-job-queue-benchmarking/results/chaos_pool_exhaustion-20260508T162725Z-70ee44,,,oban,1
,,chaos_pool_exhaustion_pgboss,,491.0,498.0,589.0,618.4,503.0,511.0,589.3,620.2,,,B,baseline,clean,3.0,3.0,52.5,265.0,0,,,/home/brian/dev/postgresql-job-queue-benchmarking/results/chaos_pool_exhaustion-20260508T163114Z-c8f106,491.0,498.0,pgboss,1
,,chaos_pool_exhaustion_pgboss,,479.0,508.0,559.1,564.8,491.5,520.0,561.0,573.8,,,B,exhaustion,pool-exhaustion,3.140625,4.0,74.0,139.0,0,,,/home/brian/dev/postgresql-job-queue-benchmarking/results/chaos_pool_exhaustion-20260508T163114Z-c8f106,479.0,508.0,pgboss,1
,,chaos_pool_exhaustion_pgboss,,378.0,387.0,565.0999999999999,574.8,390.5,399.0,564.0,573.4,,,B,recovery,clean,4.0,4.0,111.0,206.0,0,,,/home/brian/dev/postgresql-job-queue-benchmarking/results/chaos_pool_exhaustion-20260508T163114Z-c8f106,378.0,387.0,pgboss,1
,,chaos_pool_exhaustion_procrastinate,,395.21849999999995,466.55,268.6643955731679,273.27887652222716,,,269.76384061937654,274.27843349560766,,,B,baseline,clean,,,65.0,105.0,0,,,/home/brian/dev/postgresql-job-queue-benchmarking/results/chaos_pool_exhaustion-20260508T163503Z-c405e7,,,procrastinate,1
,,chaos_pool_exhaustion_procrastinate,,784.9745,863.404,263.0244495635975,275.37494272548787,,,263.7239871626111,275.57477940380824,,,B,exhaustion,pool-exhaustion,,,139.0,158.0,0,,,/home/brian/dev/postgresql-job-queue-benchmarking/results/chaos_pool_exhaustion-20260508T163503Z-c405e7,,,procrastinate,1
,,chaos_pool_exhaustion_procrastinate,,1208.638,1325.8970000000002,266.79226326278973,274.36548123058225,,,267.8914113970102,274.96496880792506,,,B,recovery,clean,,,194.0,228.0,0,,,/home/brian/dev/postgresql-job-queue-benchmarking/results/chaos_pool_exhaustion-20260508T163503Z-c405e7,,,procrastinate,1
,,chaos_pool_exhaustion_river,,54.0,56.0,239.6757233267769,244.8010739423114,,,239.19040155260487,244.8010739423114,,,B,baseline,clean,,,9.5,13.0,0,,,/home/brian/dev/postgresql-job-queue-benchmarking/results/chaos_pool_exhaustion-20260508T163850Z-6e1075,,,river,1
,,chaos_pool_exhaustion_river,,54.0,55.0,240.69880646518885,245.78009879215267,,,240.69880176759625,245.98008259914383,,,B,exhaustion,pool-exhaustion,,,7.0,12.0,0,,,/home/brian/dev/postgresql-job-queue-benchmarking/results/chaos_pool_exhaustion-20260508T163850Z-6e1075,,,river,1
,,chaos_pool_exhaustion_river,,54.0,54.0,239.69230864254152,245.96214667158938,,,239.5938045459593,246.3620851214619,,,B,recovery,clean,,,11.0,13.0,0,,,/home/brian/dev/postgresql-job-queue-benchmarking/results/chaos_pool_exhaustion-20260508T163850Z-6e1075,,,river,1
,,chaos_pool_exhaustion_pgque,,112.6095,113.19999999999999,599.5409523663765,610.2304591459831,114.077,114.54499999999999,600.6614428888367,601.4851860049515,,,B,baseline,clean,0.280071166343987,0.3009526990354061,0.0,0.0,0,,,/home/brian/dev/postgresql-job-queue-benchmarking/results/chaos_pool_exhaustion-20260508T164239Z-0e4faf,112.6095,113.19999999999999,pgque,1
,,chaos_pool_exhaustion_pgque,,113.667,114.297,600.7971806384385,603.6239833111728,115.086,115.65100000000001,600.6486232030883,601.3276460215615,,,B,exhaustion,pool-exhaustion,0.3135272301733494,0.3226619369039933,0.0,0.0,0,,,/home/brian/dev/postgresql-job-queue-benchmarking/results/chaos_pool_exhaustion-20260508T164239Z-0e4faf,113.667,114.297,pgque,1
,,chaos_pool_exhaustion_pgque,,113.971,114.805,600.8873332190076,603.8838465555868,115.4195,116.321,600.6669995607261,601.2420498938623,,,B,recovery,clean,0.29411804086218274,0.3023648013671239,0.0,0.0,0,,,/home/brian/dev/postgresql-job-queue-benchmarking/results/chaos_pool_exhaustion-20260508T164239Z-0e4faf,113.971,114.805,pgque,1
,,chaos_pool_exhaustion_pgmq,,471.5,808.0,601.3,602.4,479.0,814.0,601.5,602.0,,,B,baseline,clean,3.8960410866468234,4.069667100450214,3.0,7.0,0,,,/home/brian/dev/postgresql-job-queue-benchmarking/results/chaos_pool_exhaustion-20260508T164627Z-9fc4bc,471.5,808.0,pgmq,1
,,chaos_pool_exhaustion_pgmq,,71.5,407.0,601.6,606.2,108.5,414.0,601.8,606.0,,,B,exhaustion,pool-exhaustion,3.582669305615127,3.7074671126902103,3.0,6.0,0,,,/home/brian/dev/postgresql-job-queue-benchmarking/results/chaos_pool_exhaustion-20260508T164627Z-9fc4bc,71.5,407.0,pgmq,1
,,chaos_pool_exhaustion_pgmq,,192.5,407.0,601.6,602.4,204.0,414.0,601.6,602.0,,,B,recovery,clean,3.5464620450511575,3.5529090091586113,3.0,10.0,0,,,/home/brian/dev/postgresql-job-queue-benchmarking/results/chaos_pool_exhaustion-20260508T164627Z-9fc4bc,192.5,407.0,pgmq,1
0.0,0.0,chaos_crash_recovery_awa,,123.519,145.023,601.3554387638821,666.3971296774988,126.047,147.071,599.9150511324841,740.0216860223474,,,B,baseline,clean,4.431,11.895,0.0,16.0,0,0.0,0.0,/home/brian/dev/postgresql-job-queue-benchmarking/results/chaos_crash_recovery-20260508T165012Z-da3f77,123.519,145.023,awa,2
0.0,0.0,chaos_crash_recovery_awa,,21.007,34.015,300.4963818556307,345.9971398492431,23.007,36.031,300.00170148724396,300.84089083539595,,,B,kill,kill-worker,0.8915,2.463,,,0,0.0,0.0,/home/brian/dev/postgresql-job-queue-benchmarking/results/chaos_crash_recovery-20260508T165012Z-da3f77,21.007,34.015,awa,2
0.0,0.0,chaos_crash_recovery_awa,,124.06299999999999,141.055,578.0532988195966,881.4292571961319,126.047,143.103,599.9681454459976,618.2606782611417,,,B,restart,start-worker,2.8049999999999997,15.079,0.0,15.0,0,0.0,0.0,/home/brian/dev/postgresql-job-queue-benchmarking/results/chaos_crash_recovery-20260508T165012Z-da3f77,124.06299999999999,141.055,awa,2
0.0,0.0,chaos_crash_recovery_awa,,127.039,171.007,589.4273370297774,703.8414496914866,129.023,173.055,598.6094919244954,672.233166656583,,,B,recovery,clean,2.037,16.327,0.0,15.0,0,0.0,0.0,/home/brian/dev/postgresql-job-queue-benchmarking/results/chaos_crash_recovery-20260508T165012Z-da3f77,127.039,171.007,awa,2
,,chaos_crash_recovery_absurd,,15107.0,21712.0,230.4,249.6,15108.5,21713.0,300.4,300.6,,,B,baseline,clean,4.242275492288172,4.912366159260273,4562.5,6508.0,0,,,/home/brian/dev/postgresql-job-queue-benchmarking/results/chaos_crash_recovery-20260508T165519Z-87e6a4,15107.0,21712.0,absurd,2
,,chaos_crash_recovery_absurd,,30232.5,37476.0,236.8,243.2,30233.5,37477.0,300.6,300.8,,,B,kill,kill-worker,4.177424474619329,4.188355058431625,,,0,,,/home/brian/dev/postgresql-job-queue-benchmarking/results/chaos_crash_recovery-20260508T165519Z-87e6a4,30232.5,37476.0,absurd,2
,,chaos_crash_recovery_absurd,,25006.5,38140.0,243.2,256.0,25007.5,38141.0,300.2,300.4,,,B,restart,start-worker,4.186777048744261,7.061145035549998,1807.0,3602.0,0,,,/home/brian/dev/postgresql-job-queue-benchmarking/results/chaos_crash_recovery-20260508T165519Z-87e6a4,25006.5,38140.0,absurd,2
,,chaos_crash_recovery_absurd,,19614.0,26429.0,236.8,243.2,19615.0,26430.0,300.4,300.8,,,B,recovery,clean,4.172976128757,4.179707961156964,5881.0,7944.0,0,,,/home/brian/dev/postgresql-job-queue-benchmarking/results/chaos_crash_recovery-20260508T165519Z-87e6a4,19614.0,26429.0,absurd,2
,,chaos_crash_recovery_oban,,17.0,53.0,273.37709729220444,283.68652538984406,,,273.2772371762868,283.68652538984406,,,B,baseline,clean,,,2.0,3.0,0,,,/home/brian/dev/postgresql-job-queue-benchmarking/results/chaos_crash_recovery-20260508T170011Z-73d34d,,,oban,2
,,chaos_crash_recovery_oban,,16.0,16.0,139.04438224710117,146.14154338264694,,,135.74570171931228,142.74290283886447,,,B,kill,kill-worker,,,,,0,,,/home/brian/dev/postgresql-job-queue-benchmarking/results/chaos_crash_recovery-20260508T170011Z-73d34d,,,oban,2
,,chaos_crash_recovery_oban,,15.0,128.0,265.89364254298283,318.10930896587575,,,259.9960015993603,322.10730984550787,,,B,restart,start-worker,,,1.0,4.0,0,,,/home/brian/dev/postgresql-job-queue-benchmarking/results/chaos_crash_recovery-20260508T170011Z-73d34d,,,oban,2
,,chaos_crash_recovery_oban,,14.0,29.0,268.3783772119775,294.0521972302424,,,263.6811555609617,278.4886045581767,,,B,recovery,clean,,,2.0,3.0,0,,,/home/brian/dev/postgresql-job-queue-benchmarking/results/chaos_crash_recovery-20260508T170011Z-73d34d,,,oban,2
,,chaos_crash_recovery_pgboss,,264.5,356.0,635.0999999999999,645.2,271.0,363.0,635.9,640.6,,,B,baseline,clean,5.0,6.0,50.0,132.0,0,,,/home/brian/dev/postgresql-job-queue-benchmarking/results/chaos_crash_recovery-20260508T170503Z-1986e1,264.5,356.0,pgboss,2
,,chaos_crash_recovery_pgboss,,282.5,318.0,343.29999999999995,353.4,289.5,324.0,318.29999999999995,326.2,,,B,kill,kill-worker,5.0,5.0,,,0,,,/home/brian/dev/postgresql-job-queue-benchmarking/results/chaos_crash_recovery-20260508T170503Z-1986e1,282.5,318.0,pgboss,2
,,chaos_crash_recovery_pgboss,,203.5,324.0,573.2,586.4,210.0,333.0,635.7,637.6,,,B,restart,start-worker,5.0,14.0,68.5,124.0,0,,,/home/brian/dev/postgresql-job-queue-benchmarking/results/chaos_crash_recovery-20260508T170503Z-1986e1,203.5,324.0,pgboss,2
,,chaos_crash_recovery_pgboss,,407.0,505.0,740.4,760.0,413.0,512.0,633.4000000000001,640.2,,,B,recovery,clean,5.0,5.0,184.0,479.0,0,,,/home/brian/dev/postgresql-job-queue-benchmarking/results/chaos_crash_recovery-20260508T170503Z-1986e1,407.0,505.0,pgboss,2
,,chaos_crash_recovery_procrastinate,,13.0685,13.536,345.98929343658165,359.4703350696095,,,345.6892833089562,359.87022646511355,,,B,baseline,clean,,,2.0,2.0,0,,,/home/brian/dev/postgresql-job-queue-benchmarking/results/chaos_crash_recovery-20260508T170958Z-2484af,,,procrastinate,2
,,chaos_crash_recovery_procrastinate,,13.563,16.11,179.01196168890453,183.71250530996613,,,178.59634766073472,183.29961406462147,,,B,kill,kill-worker,,,,,0,,,/home/brian/dev/postgresql-job-queue-benchmarking/results/chaos_crash_recovery-20260508T170958Z-2484af,,,procrastinate,2
,,chaos_crash_recovery_procrastinate,,18.73,135.32,257.9206627108981,364.67760868915116,,,205.7047911747339,287.47652396578025,,,B,restart,start-worker,,,1.0,2.0,0,,,/home/brian/dev/postgresql-job-queue-benchmarking/results/chaos_crash_recovery-20260508T170958Z-2484af,,,procrastinate,2
,,chaos_crash_recovery_procrastinate,,19.730999999999998,38.491,251.35263841741425,282.824521453137,,,218.57077538915738,233.8514797897589,,,B,recovery,clean,,,1.0,2.0,0,,,/home/brian/dev/postgresql-job-queue-benchmarking/results/chaos_crash_recovery-20260508T170958Z-2484af,,,procrastinate,2
,,chaos_crash_recovery_river,,72.0,122.0,316.10253790458205,320.4166954347862,,,316.2058128121028,320.40405064507866,,,B,baseline,clean,,,10.0,12.0,0,,,/home/brian/dev/postgresql-job-queue-benchmarking/results/chaos_crash_recovery-20260508T171446Z-b69bb1,,,river,2
,,chaos_crash_recovery_river,,62.5,131.0,58.69650554679373,217.78439570449092,,,157.4920957819267,159.41298109469835,,,B,kill,kill-worker,,,,,0,,,/home/brian/dev/postgresql-job-queue-benchmarking/results/chaos_crash_recovery-20260508T171446Z-b69bb1,,,river,2
,,chaos_crash_recovery_river,,120.5,134.0,301.1879650464325,398.1691305234885,,,274.79257315123607,304.3707111007667,,,B,restart,start-worker,,,6.0,13.0,0,,,/home/brian/dev/postgresql-job-queue-benchmarking/results/chaos_crash_recovery-20260508T171446Z-b69bb1,,,river,2
,,chaos_crash_recovery_river,,47.0,134.0,382.7297310279388,423.79561452278926,,,302.3139450391436,309.999306348744,,,B,recovery,clean,,,14.5,20.0,0,,,/home/brian/dev/postgresql-job-queue-benchmarking/results/chaos_crash_recovery-20260508T171446Z-b69bb1,,,river,2
,,chaos_crash_recovery_pgque,,114.4735,115.518,599.3766122825529,636.8389092390653,115.8095,116.825,599.9554723394403,601.0316249561199,,,B,baseline,clean,0.7248135017497199,0.7383501423256738,0.0,0.0,0,,,/home/brian/dev/postgresql-job-queue-benchmarking/results/chaos_crash_recovery-20260508T171937Z-4caa5b,114.4735,115.518,pgque,2
,,chaos_crash_recovery_pgque,,112.451,113.43599999999999,161.73944500011336,246.24980072735525,113.6695,114.762,300.2577749514046,300.3728307331243,,,B,kill,kill-worker,0.6578171492687294,0.7160744363708156,,,0,,,/home/brian/dev/postgresql-job-queue-benchmarking/results/chaos_crash_recovery-20260508T171937Z-4caa5b,112.451,113.43599999999999,pgque,2
,,chaos_crash_recovery_pgque,,116.6325,130.20499999999998,571.950766551932,823.1374889525587,117.93100000000001,131.439,599.9013072553159,758.6312958870151,,,B,restart,start-worker,0.7305993598752788,1.390073128277436,0.0,60.0,0,,,/home/brian/dev/postgresql-job-queue-benchmarking/results/chaos_crash_recovery-20260508T171937Z-4caa5b,116.6325,130.20499999999998,pgque,2
,,chaos_crash_recovery_pgque,,119.0,146.146,584.612643005404,609.3954998978326,120.375,147.428,600.3418404511394,605.2710086861443,,,B,recovery,clean,0.7846222059535128,3.0608136439695954,0.0,7.0,0,,,/home/brian/dev/postgresql-job-queue-benchmarking/results/chaos_crash_recovery-20260508T171937Z-4caa5b,119.0,146.146,pgque,2
,,chaos_crash_recovery_pgmq,,44.0,401.0,300.3,306.20000000000005,78.0,408.0,300.4,307.2,,,B,baseline,clean,4.285795032046735,4.322173073887825,2.0,6.0,0,,,/home/brian/dev/postgresql-job-queue-benchmarking/results/chaos_crash_recovery-20260508T172427Z-74deeb,44.0,401.0,pgmq,2
,,chaos_crash_recovery_pgmq,,42.0,401.0,177.9,191.0,48.0,408.0,300.6,305.0,,,B,kill,kill-worker,4.295213031582534,4.515473963692784,,,0,,,/home/brian/dev/postgresql-job-queue-benchmarking/results/chaos_crash_recovery-20260508T172427Z-74deeb,42.0,401.0,pgmq,2
,,chaos_crash_recovery_pgmq,,42.5,48.0,221.6,235.0,53.0,91.0,300.2,303.2,,,B,restart,start-worker,4.3570781126618385,7.245968095958233,1.5,3.0,0,,,/home/brian/dev/postgresql-job-queue-benchmarking/results/chaos_crash_recovery-20260508T172427Z-74deeb,42.5,48.0,pgmq,2
,,chaos_crash_recovery_pgmq,,37.0,47.0,221.5,246.6,45.0,96.0,300.4,301.4,,,B,recovery,clean,4.26862295717001,4.452856024727225,1.0,3.0,0,,,/home/brian/dev/postgresql-job-queue-benchmarking/results/chaos_crash_recovery-20260508T172427Z-74deeb,37.0,47.0,pgmq,2
0.0,0.0,chaos_repeated_kills_awa,,143.103,145.023,597.1006908261243,634.8334173146234,145.023,147.071,599.4163597996247,601.7395498183023,,,B,baseline,clean,4.8955,16.479,7.0,16.0,0,0.0,0.0,/home/brian/dev/postgresql-job-queue-benchmarking/results/chaos_repeated_kills-20260508T172914Z-23cdfe,143.103,145.023,awa,2
0.0,0.0,chaos_repeated_kills_awa,,141.567,146.047,598.0151167722775,816.3385500930636,143.615,148.095,599.9299410852193,618.0416082071392,,,B,repeated,repeated-kill,15.099,18.367,0.0,7.0,0,0.0,0.0,/home/brian/dev/postgresql-job-queue-benchmarking/results/chaos_repeated_kills-20260508T172914Z-23cdfe,141.567,146.047,awa,2
0.0,0.0,chaos_repeated_kills_awa,,139.007,142.079,593.8658251777209,666.8230122681098,141.055,144.127,599.993234688636,609.0273620320207,,,B,recovery,clean,5.593,13.543,3.5,8.0,0,0.0,0.0,/home/brian/dev/postgresql-job-queue-benchmarking/results/chaos_repeated_kills-20260508T172914Z-23cdfe,139.007,142.079,awa,2
,,chaos_repeated_kills_absurd,,15136.5,22572.0,217.6,249.6,15137.5,22573.0,300.4,300.8,,,B,baseline,clean,4.096567980013788,4.103475017473102,4559.0,6778.0,0,,,/home/brian/dev/postgresql-job-queue-benchmarking/results/chaos_repeated_kills-20260508T173416Z-3e3122,15136.5,22572.0,absurd,2
,,chaos_repeated_kills_absurd,,24625.5,27582.0,230.4,275.2,24626.5,27583.0,300.0,300.8,,,B,repeated,repeated-kill,4.276443039998412,4.9707728903740644,689.5,8099.0,0,,,/home/brian/dev/postgresql-job-queue-benchmarking/results/chaos_repeated_kills-20260508T173416Z-3e3122,24625.5,27582.0,absurd,2
,,chaos_repeated_kills_absurd,,7908.0,14363.0,243.2,249.6,7909.0,14364.0,300.2,307.4,,,B,recovery,clean,4.214647458866239,4.488823935389519,2401.0,4306.0,0,,,/home/brian/dev/postgresql-job-queue-benchmarking/results/chaos_repeated_kills-20260508T173416Z-3e3122,7908.0,14363.0,absurd,2
,,chaos_repeated_kills_oban,,16.5,27.0,276.0895641743303,284.2862854858057,,,276.2894842063175,284.08636545381853,,,B,baseline,clean,,,2.0,3.0,0,,,/home/brian/dev/postgresql-job-queue-benchmarking/results/chaos_repeated_kills-20260508T173904Z-e06bf5,,,oban,2
,,chaos_repeated_kills_oban,,15.5,104.0,265.2205664424892,382.0977907577221,,,264.1197470222069,371.10234890247057,,,B,repeated,repeated-kill,,,3.0,6.0,0,,,/home/brian/dev/postgresql-job-queue-benchmarking/results/chaos_repeated_kills-20260508T173904Z-e06bf5,,,oban,2
,,chaos_repeated_kills_oban,,59.5,67.0,241.703318672531,266.09356257497006,,,260.3089737910075,275.08996401439424,,,B,recovery,clean,,,4.5,7.0,0,,,/home/brian/dev/postgresql-job-queue-benchmarking/results/chaos_repeated_kills-20260508T173904Z-e06bf5,,,oban,2
,,chaos_repeated_kills_pgboss,,291.0,292.0,635.4000000000001,641.2,296.0,298.0,635.9,638.8,,,B,baseline,clean,6.0,6.0,48.5,128.0,0,,,/home/brian/dev/postgresql-job-queue-benchmarking/results/chaos_repeated_kills-20260508T174357Z-1cd893,291.0,292.0,pgboss,2
,,chaos_repeated_kills_pgboss,,385.5,567.0,593.9000000000001,782.4,392.0,573.0,632.3000000000001,644.6,,,B,repeated,repeated-kill,5.17741935483871,102.0,47.0,1104.0,0,,,/home/brian/dev/postgresql-job-queue-benchmarking/results/chaos_repeated_kills-20260508T174357Z-1cd893,385.5,567.0,pgboss,2
,,chaos_repeated_kills_pgboss,,438.0,512.0,628.6,676.0,444.0,518.0,633.0,644.4000000000001,,,B,recovery,clean,5.0,8.0,115.5,775.0,0,,,/home/brian/dev/postgresql-job-queue-benchmarking/results/chaos_repeated_kills-20260508T174357Z-1cd893,438.0,512.0,pgboss,2
,,chaos_repeated_kills_procrastinate,,28.559,36.205,336.29041964248216,347.8860114803641,,,224.22682973997897,231.92417544811428,,,B,baseline,clean,,,1.5,2.0,0,,,/home/brian/dev/postgresql-job-queue-benchmarking/results/chaos_repeated_kills-20260508T174854Z-641742,,,procrastinate,2
,,chaos_repeated_kills_procrastinate,,82.711,431.873,115.57278459649005,478.33204349033576,,,117.65748026987113,241.35490992543066,,,B,repeated,repeated-kill,,,1.0,3.0,0,,,/home/brian/dev/postgresql-job-queue-benchmarking/results/chaos_repeated_kills-20260508T174854Z-641742,,,procrastinate,2
,,chaos_repeated_kills_procrastinate,,150.4295,152.242,59.490890993905595,71.78625671994067,,,84.27320824031311,89.7727648790941,,,B,recovery,clean,,,1.0,2.0,0,,,/home/brian/dev/postgresql-job-queue-benchmarking/results/chaos_repeated_kills-20260508T174854Z-641742,,,procrastinate,2
,,chaos_repeated_kills_river,,85.0,109.0,213.70956544542784,423.0436045935755,,,296.29844149085704,305.00866997436356,,,B,baseline,clean,,,6.0,9.0,0,,,/home/brian/dev/postgresql-job-queue-benchmarking/results/chaos_repeated_kills-20260508T175342Z-1a5bbf,,,river,2
,,chaos_repeated_kills_river,,70.0,158.0,214.18634673556994,415.7902390375889,,,248.49835647588878,300.0019249865393,,,B,repeated,repeated-kill,,,5.5,12.0,0,,,/home/brian/dev/postgresql-job-queue-benchmarking/results/chaos_repeated_kills-20260508T175342Z-1a5bbf,,,river,2
,,chaos_repeated_kills_river,,32.5,38.0,232.99617663969622,367.6176953752863,,,264.79448148747827,269.58646473033116,,,B,recovery,clean,,,9.0,20.0,0,,,/home/brian/dev/postgresql-job-queue-benchmarking/results/chaos_repeated_kills-20260508T175342Z-1a5bbf,,,river,2
,,chaos_repeated_kills_pgque,,134.14249999999998,140.768,602.4628952892292,621.8088576516726,135.3325,141.993,600.7496357286782,601.3109509960605,,,B,baseline,clean,0.9169751512152808,1.1978925031144172,0.0,0.0,0,,,/home/brian/dev/postgresql-job-queue-benchmarking/results/chaos_repeated_kills-20260508T175831Z-87c852,134.14249999999998,140.768,pgque,2
,,chaos_repeated_kills_pgque,,151.562,339.432,469.9771651893329,833.1032281635631,152.7865,340.74,600.2252778776938,947.0434216385171,,,B,repeated,repeated-kill,5.776799988650184,12.253556022187695,0.0,0.0,0,,,/home/brian/dev/postgresql-job-queue-benchmarking/results/chaos_repeated_kills-20260508T175831Z-87c852,151.562,339.432,pgque,2
,,chaos_repeated_kills_pgque,,431.8445,507.75199999999995,435.53286621601137,503.1988444327485,433.093,509.065,600.1351698525326,601.2567650982038,,,B,recovery,clean,1.9470126717351377,12.253556022187695,0.0,203.0,0,,,/home/brian/dev/postgresql-job-queue-benchmarking/results/chaos_repeated_kills-20260508T175831Z-87c852,431.8445,507.75199999999995,pgque,2
,,chaos_repeated_kills_pgmq,,53.5,129.0,300.5,301.2,111.5,140.0,300.4,300.8,,,B,baseline,clean,5.088013014756143,5.184482084587216,1.0,4.0,0,,,/home/brian/dev/postgresql-job-queue-benchmarking/results/chaos_repeated_kills-20260508T180320Z-fda3a2,53.5,129.0,pgmq,2
,,chaos_repeated_kills_pgmq,,45.0,130.0,125.0,302.0,62.0,139.0,300.1,322.4,,,B,repeated,repeated-kill,5.067825550213456,125.97159203141928,1.5,3.0,0,,,/home/brian/dev/postgresql-job-queue-benchmarking/results/chaos_repeated_kills-20260508T180320Z-fda3a2,45.0,130.0,pgmq,2
,,chaos_repeated_kills_pgmq,,67.0,146.0,78.1,89.0,97.5,154.0,300.2,300.4,,,B,recovery,clean,4.736175993457437,5.318732932209969,1.0,5.0,0,,,/home/brian/dev/postgresql-job-queue-benchmarking/results/chaos_repeated_kills-20260508T180320Z-fda3a2,67.0,146.0,pgmq,2
0.0,0.0,idle_in_tx_awa,,1706.495,1758.207,2851.1231684463764,2976.15231888045,1708.5430000000001,1760.255,2861.0163469716495,3359.997988033205,,,C,clean_1,clean,0.1395,0.298,2952.0,4720.0,0,0.0,0.0,/home/brian/dev/postgresql-job-queue-benchmarking/results/custom-20260508T181836Z-718e31,1706.495,1758.207,awa,32
0.0,0.0,idle_in_tx_awa,,2085.8869999999997,2254.847,2139.0831031375947,2861.1670379466623,2087.423,2256.895,2145.5899014097013,2994.8781224789086,,,C,idle_1,idle-in-tx,0.248,0.703,2920.0,4240.0,0,0.0,0.0,/home/brian/dev/postgresql-job-queue-benchmarking/results/custom-20260508T181836Z-718e31,2085.8869999999997,2254.847,awa,32
0.0,0.0,idle_in_tx_awa,,2119.679,2740.223,2223.0472366076847,2905.6588308743485,2121.727,2744.319,2284.715097385053,3212.2820554961104,,,C,recovery_1,clean,0.257,0.377,3016.0,4080.0,0,0.0,0.0,/home/brian/dev/postgresql-job-queue-benchmarking/results/custom-20260508T181836Z-718e31,2119.679,2740.223,awa,32
,,idle_in_tx_absurd,,,,,,,,,,,True,C,?,?,,,,,137,,,,,,?,32
,,idle_in_tx_oban,,16.0,17.0,228.30867652938826,231.46112332600438,,,228.30867652938826,231.66100339796122,,,C,clean_1,clean,,,1.0,2.0,0,,,/home/brian/dev/postgresql-job-queue-benchmarking/results/custom-20260508T200435Z-612687,,,oban,32
,,idle_in_tx_oban,,25.5,75.0,218.76873875674596,240.25584649210472,,,218.4689186488107,240.45572656406156,,,C,idle_1,idle-in-tx,,,2.0,4.0,0,,,/home/brian/dev/postgresql-job-queue-benchmarking/results/custom-20260508T200435Z-612687,,,oban,32
,,idle_in_tx_oban,,16.0,91.0,226.1643014191485,234.6592044773136,,,226.06436138317008,234.45932440535677,,,C,recovery_1,clean,,,2.0,3.0,0,,,/home/brian/dev/postgresql-job-queue-benchmarking/results/custom-20260508T200435Z-612687,,,oban,32
,,idle_in_tx_pgboss,,,,,,,,,,,True,C,?,?,,,,,137,,,,,,?,32
,,idle_in_tx_procrastinate,,,,,,,,,,,True,C,?,?,,,,,137,,,,,,?,32
,,idle_in_tx_river,,,,,,,,,,,True,C,?,?,,,,,137,,,,,,?,32
,,idle_in_tx_pgque,,112.57149999999999,113.68499999999999,799.2547770617819,816.1328428734231,114.023,114.93299999999999,801.0434194548316,801.5927614082609,,,C,clean_1,clean,0.2114286183357416,1.5749575919471681,0.0,0.0,0,,,/home/brian/dev/postgresql-job-queue-benchmarking/results/custom-20260508T205821Z-e45811,112.57149999999999,113.68499999999999,pgque,32
,,idle_in_tx_pgque,,113.604,148.773,797.2459628261496,817.2796141497076,115.17099999999999,150.036,800.8171491051385,801.4886031262407,,,C,idle_1,idle-in-tx,0.21816660716597525,1.763719052542001,0.0,80.0,0,,,/home/brian/dev/postgresql-job-queue-benchmarking/results/custom-20260508T205821Z-e45811,113.604,148.773,pgque,32
,,idle_in_tx_pgque,,112.957,208.411,800.4212748702075,812.9054753525203,114.424,209.954,800.7417299680931,801.7230500917957,,,C,recovery_1,clean,0.2242513932287693,1.022408704739064,0.0,0.0,0,,,/home/brian/dev/postgresql-job-queue-benchmarking/results/custom-20260508T205821Z-e45811,112.957,208.411,pgque,32
,,idle_in_tx_pgmq,,,,,,,,,,,True,C,?,?,,,,,137,,,,,,?,32
0.0,0.0,sustained_high_load_awa,,1914.367,2060.287,3691.21035190167,3776.0157920532456,1915.903,2063.359,3625.787483705318,3840.0617074876022,,,C,clean_1,clean,0.215,0.297,2568.0,4416.0,0,0.0,0.0,/home/brian/dev/postgresql-job-queue-benchmarking/results/custom-20260508T212204Z-ffbdb6,1914.367,2060.287,awa,32
0.0,0.0,sustained_high_load_awa,,1806.335,2053.119,2680.052074091074,3785.8911441151213,1809.407,2056.191,2792.112173316521,4403.154470502144,,,C,pressure_1,high-load,0.4725,0.739,2808.0,4496.0,0,0.0,0.0,/home/brian/dev/postgresql-job-queue-benchmarking/results/custom-20260508T212204Z-ffbdb6,1806.335,2053.119,awa,32
0.0,0.0,sustained_high_load_awa,,1702.911,1879.039,2855.9740999217365,3763.584010520062,1704.9589999999998,1880.063,2843.4624134069586,3788.800125030404,,,C,recovery_1,clean,0.456,0.512,2912.0,4336.0,0,0.0,0.0,/home/brian/dev/postgresql-job-queue-benchmarking/results/custom-20260508T212204Z-ffbdb6,1702.911,1879.039,awa,32
,,sustained_high_load_absurd,,43947.0,64665.0,198.4,217.6,43948.0,64666.0,801.2,802.8,,,C,clean_1,clean,2.6742885638668668,3.1468679298995994,35238.5,51723.0,0,,,/home/brian/dev/postgresql-job-queue-benchmarking/results/custom-20260508T213005Z-a192e0,43947.0,64665.0,absurd,32
,,sustained_high_load_absurd,,162263.5,262886.0,140.8,198.4,162264.5,262887.0,1202.6,1228.2,,,C,pressure_1,high-load,1.7761447234079242,2.7774060507625586,177820.5,305303.0,0,,,/home/brian/dev/postgresql-job-queue-benchmarking/results/custom-20260508T213005Z-a192e0,162263.5,262886.0,absurd,32
,,sustained_high_load_absurd,,318178.5,369580.0,89.6,108.8,318180.5,369581.0,801.9,1003.2,,,C,recovery_1,clean,2.221185015514493,3.1415333833137993,350610.5,391488.0,0,,,/home/brian/dev/postgresql-job-queue-benchmarking/results/custom-20260508T213005Z-a192e0,318178.5,369580.0,absurd,32
,,sustained_high_load_oban,,16.0,57.0,223.91043582566977,230.90763694522192,,,224.01039584166335,230.90763694522192,,,C,clean_1,clean,,,2.0,3.0,0,,,/home/brian/dev/postgresql-job-queue-benchmarking/results/custom-20260508T213752Z-6783f2,,,oban,32
,,sustained_high_load_oban,,16.5,40.0,228.30867652938826,233.45992404557265,,,228.38579938802013,233.45992404557265,,,C,pressure_1,high-load,,,2.0,3.0,0,,,/home/brian/dev/postgresql-job-queue-benchmarking/results/custom-20260508T213752Z-6783f2,,,oban,32
,,sustained_high_load_oban,,17.0,29.0,222.58855802072537,231.86088346991804,,,222.38867794876853,231.86088346991804,,,C,recovery_1,clean,,,2.0,3.0,0,,,/home/brian/dev/postgresql-job-queue-benchmarking/results/custom-20260508T213752Z-6783f2,,,oban,32
,,sustained_high_load_pgboss,,491.0,496.0,754.4000000000001,763.0,507.0,512.0,757.8,766.8,,,C,clean_1,clean,3.0,3.3333333333333335,100.5,335.0,0,,,/home/brian/dev/postgresql-job-queue-benchmarking/results/custom-20260508T214544Z-21e4e5,491.0,496.0,pgboss,32
,,sustained_high_load_pgboss,,3171.0,7051.0,1024.0,1081.6,3187.5,7067.0,1053.9,1097.8,,,C,pressure_1,high-load,2.0,3.0,3336.0,7471.0,0,,,/home/brian/dev/postgresql-job-queue-benchmarking/results/custom-20260508T214544Z-21e4e5,3171.0,7051.0,pgboss,32
,,sustained_high_load_pgboss,,447.5,7529.0,764.0,1024.0,472.5,7545.0,757.4000000000001,965.2,,,C,recovery_1,clean,4.0,4.0,175.5,7237.0,0,,,/home/brian/dev/postgresql-job-queue-benchmarking/results/custom-20260508T214544Z-21e4e5,447.5,7529.0,pgboss,32
,,sustained_high_load_procrastinate,,329.05499999999995,830.386,253.68857203905094,270.29310735579327,,,255.0879823387275,271.09279110536664,,,C,clean_1,clean,,,58.0,92.0,0,,,/home/brian/dev/postgresql-job-queue-benchmarking/results/custom-20260508T215334Z-119afb,,,procrastinate,32
,,sustained_high_load_procrastinate,,1635.1345,3514.29,239.3043639166768,275.8177628431474,,,240.10371041830376,277.61657433995055,,,C,pressure_1,high-load,,,236.5,357.0,0,,,/home/brian/dev/postgresql-job-queue-benchmarking/results/custom-20260508T215334Z-119afb,,,procrastinate,32
,,sustained_high_load_procrastinate,,1931.3215,2444.984,246.90039168398425,266.19227212097917,,,248.88842243620678,269.78946498747894,,,C,recovery_1,clean,,,462.0,570.0,0,,,/home/brian/dev/postgresql-job-queue-benchmarking/results/custom-20260508T215334Z-119afb,,,procrastinate,32
,,sustained_high_load_river,,55.0,55.0,231.90157791724386,234.80032106595903,,,231.80157605706924,234.80032106595903,,,C,clean_1,clean,,,3.0,5.0,0,,,/home/brian/dev/postgresql-job-queue-benchmarking/results/custom-20260508T220120Z-259f92,,,river,32
,,sustained_high_load_river,,55.0,62.0,323.6843386195505,335.20081239268893,,,323.7913203850967,335.60081336213125,,,C,pressure_1,high-load,,,9.0,17.0,0,,,/home/brian/dev/postgresql-job-queue-benchmarking/results/custom-20260508T220120Z-259f92,,,river,32
,,sustained_high_load_river,,55.0,56.0,239.7056579849684,282.0100517970802,,,239.9910241928239,281.81004466814613,,,C,recovery_1,clean,,,6.0,13.0,0,,,/home/brian/dev/postgresql-job-queue-benchmarking/results/custom-20260508T220120Z-259f92,,,river,32
,,sustained_high_load_pgque,,113.28399999999999,142.467,799.3834708905628,809.5958429203977,114.62799999999999,143.755,801.2655363175897,801.8208560952802,,,C,clean_1,clean,0.2539318986237049,2.060186699964106,0.0,0.0,0,,,/home/brian/dev/postgresql-job-queue-benchmarking/results/custom-20260508T220906Z-3438e4,113.28399999999999,142.467,pgque,32
,,sustained_high_load_pgque,,112.993,261.89,797.6374295726343,817.3082752553688,114.57999999999998,263.064,801.0438714188089,801.6798791372443,,,C,pressure_1,high-load,0.227154151070863,0.9481213831653198,0.0,101.0,0,,,/home/brian/dev/postgresql-job-queue-benchmarking/results/custom-20260508T220906Z-3438e4,112.993,261.89,pgque,32
,,sustained_high_load_pgque,,113.014,178.715,798.8762224639615,816.7084680583183,114.61500000000001,179.958,800.65502839502,801.2818350867606,,,C,recovery_1,clean,0.2137653762474656,1.0061288950964808,0.0,80.0,0,,,/home/brian/dev/postgresql-job-queue-benchmarking/results/custom-20260508T220906Z-3438e4,113.014,178.715,pgque,32
,,sustained_high_load_pgmq,,104.0,155.0,802.2,803.6,112.5,227.0,802.2,802.8,,,C,clean_1,clean,3.5960873356088996,3.617306938394904,3.0,6.0,0,,,/home/brian/dev/postgresql-job-queue-benchmarking/results/custom-20260508T221653Z-1c3a13,104.0,155.0,pgmq,32
,,sustained_high_load_pgmq,,93.5,403.0,1203.8,1241.6,112.5,414.0,1203.8,1232.6,,,C,pressure_1,high-load,1.8688187119551003,3.5993331111967564,9.0,86.0,0,,,/home/brian/dev/postgresql-job-queue-benchmarking/results/custom-20260508T221653Z-1c3a13,93.5,403.0,pgmq,32
,,sustained_high_load_pgmq,,96.5,177.0,802.4,1096.6,139.0,186.0,802.4,1095.2,,,C,recovery_1,clean,3.592777531594038,3.653164952993393,3.0,23.0,0,,,/home/brian/dev/postgresql-job-queue-benchmarking/results/custom-20260508T221653Z-1c3a13,96.5,177.0,pgmq,32
0.0,0.0,active_readers_awa,,1897.471,1967.103,3517.750605061655,3819.9190302049487,1898.495,1968.127,3603.4481795729935,3960.0769736001666,,,C,clean_1,clean,0.313,0.336,3360.5,4704.0,0,0.0,0.0,/home/brian/dev/postgresql-job-queue-benchmarking/results/custom-20260508T222438Z-57e68a,1897.471,1967.103,awa,32
0.0,0.0,active_readers_awa,,2191.359,2723.839,2502.567667740548,3718.9192898074643,2193.407,2725.887,2508.617948980692,4018.934037394634,,,C,readers_1,active-readers,0.22999999999999998,0.562,2976.0,4672.0,0,0.0,0.0,/home/brian/dev/postgresql-job-queue-benchmarking/results/custom-20260508T222438Z-57e68a,2191.359,2723.839,awa,32
0.0,0.0,active_readers_awa,,2185.215,2412.543,2777.6706544873837,3794.965074964013,2185.215,2414.591,2841.6509644381476,4219.573383591861,,,C,recovery_1,clean,0.303,0.463,2928.0,4544.0,0,0.0,0.0,/home/brian/dev/postgresql-job-queue-benchmarking/results/custom-20260508T222438Z-57e68a,2185.215,2412.543,awa,32
,,active_readers_absurd,,44970.5,65868.0,198.4,211.2,44969.0,65870.0,801.2,802.8,,,C,clean_1,clean,2.0627789199352264,3.151688233629102,36128.0,52788.0,0,,,/home/brian/dev/postgresql-job-queue-benchmarking/results/custom-20260508T223240Z-1f5db6,44970.5,65868.0,absurd,32
,,active_readers_absurd,,161879.5,259776.0,147.2,204.8,161880.5,259777.0,801.6,805.6,,,C,readers_1,active-readers,2.223964431323111,3.1651154858991504,129502.5,207974.0,0,,,/home/brian/dev/postgresql-job-queue-benchmarking/results/custom-20260508T223240Z-1f5db6,161879.5,259776.0,absurd,32
,,active_readers_absurd,,312959.0,363158.0,115.2,132.2,312961.0,363159.0,802.0,802.8,,,C,recovery_1,clean,2.2925224620848894,3.1037738247375404,250513.0,290567.0,0,,,/home/brian/dev/postgresql-job-queue-benchmarking/results/custom-20260508T223240Z-1f5db6,312959.0,363158.0,absurd,32
,,active_readers_oban,,22.0,37.0,226.5093962415034,246.85188886667999,,,226.80927628948422,246.85188886667999,,,C,clean_1,clean,,,1.0,3.0,0,,,/home/brian/dev/postgresql-job-queue-benchmarking/results/custom-20260508T224025Z-5a665a,,,oban,32
,,active_readers_oban,,18.0,28.0,221.489237604978,234.3062774890044,,,221.68913765695,234.1063574570172,,,C,readers_1,active-readers,,,2.0,4.0,0,,,/home/brian/dev/postgresql-job-queue-benchmarking/results/custom-20260508T224025Z-5a665a,,,oban,32
,,active_readers_oban,,27.5,48.0,219.9680191884869,231.06136318209073,,,219.9680191884869,231.06136318209073,,,C,recovery_1,clean,,,2.0,3.0,0,,,/home/brian/dev/postgresql-job-queue-benchmarking/results/custom-20260508T224025Z-5a665a,,,oban,32
,,active_readers_pgboss,,488.0,534.0,751.8,765.0,504.0,550.0,752.8,766.8,,,C,clean_1,clean,3.0,3.0,138.5,230.0,0,,,/home/brian/dev/postgresql-job-queue-benchmarking/results/custom-20260508T224815Z-82c083,488.0,534.0,pgboss,32
,,active_readers_pgboss,,424.0,521.0,756.4000000000001,778.8,440.0,539.0,755.5999999999999,770.8,,,C,readers_1,active-readers,4.0,4.0,156.0,314.0,0,,,/home/brian/dev/postgresql-job-queue-benchmarking/results/custom-20260508T224815Z-82c083,424.0,521.0,pgboss,32
,,active_readers_pgboss,,369.5,424.0,755.3,780.6,386.0,440.0,756.3,778.2,,,C,recovery_1,clean,4.0,4.0,135.5,307.0,0,,,/home/brian/dev/postgresql-job-queue-benchmarking/results/custom-20260508T224815Z-82c083,369.5,424.0,pgboss,32
,,active_readers_procrastinate,,360.1205,799.676,261.88114586844546,274.6194943202049,,,263.28053233851506,276.21844334099217,,,C,clean_1,clean,,,63.5,98.0,0,,,/home/brian/dev/postgresql-job-queue-benchmarking/results/custom-20260508T225609Z-ca3484,,,procrastinate,32
,,active_readers_procrastinate,,29264.201999999997,90354.596,165.7903256901012,272.8494766342289,,,288.2129486291108,334.3893522876894,,,C,readers_1,active-readers,,,9084.0,26698.0,0,,,/home/brian/dev/postgresql-job-queue-benchmarking/results/custom-20260508T225609Z-ca3484,,,procrastinate,32
,,active_readers_procrastinate,,102074.3695,106583.932,251.09778647695367,275.40060704439264,,,261.90534162386336,276.2000282549714,,,C,recovery_1,clean,,,27061.5,27117.0,0,,,/home/brian/dev/postgresql-job-queue-benchmarking/results/custom-20260508T225609Z-ca3484,,,procrastinate,32
,,active_readers_river,,55.0,124.0,238.817778248129,245.60108246221083,,,239.11779859046828,246.0010842251786,,,C,clean_1,clean,,,9.0,12.0,0,,,/home/brian/dev/postgresql-job-queue-benchmarking/results/custom-20260508T230355Z-4a22ac,,,river,32
,,active_readers_river,,76.0,96.0,238.41710119012097,246.59512925300697,,,238.70141665522618,246.99512135236304,,,C,readers_1,active-readers,,,7.0,15.0,0,,,/home/brian/dev/postgresql-job-queue-benchmarking/results/custom-20260508T230355Z-4a22ac,,,river,32
,,active_readers_river,,70.0,87.0,239.91115992468917,246.59117391006697,,,239.68139843539808,246.79116675184318,,,C,recovery_1,clean,,,6.0,13.0,0,,,/home/brian/dev/postgresql-job-queue-benchmarking/results/custom-20260508T230355Z-4a22ac,,,river,32
,,active_readers_pgque,,113.1125,113.657,801.0295248054397,801.714547090588,114.41399999999999,115.015,801.1764546551435,801.714547090588,,,C,clean_1,clean,0.2603673725388944,1.6806388972327113,0.0,0.0,0,,,/home/brian/dev/postgresql-job-queue-benchmarking/results/custom-20260508T231145Z-01a1f1,113.1125,113.657,pgque,32
,,active_readers_pgque,,113.485,177.54500000000002,800.5521526333844,817.5906751187043,114.9445,178.7,800.7351656812375,812.9518667402565,,,C,readers_1,active-readers,0.21944576874375343,1.5613577561452985,0.0,81.0,0,,,/home/brian/dev/postgresql-job-queue-benchmarking/results/custom-20260508T231145Z-01a1f1,113.485,177.54500000000002,pgque,32
,,active_readers_pgque,,113.539,177.548,800.7306485122435,809.5630468586461,114.94500000000001,178.702,800.7704692505101,801.3975877586315,,,C,recovery_1,clean,0.23289209930226207,1.8533691996708512,0.0,0.0,0,,,/home/brian/dev/postgresql-job-queue-benchmarking/results/custom-20260508T231145Z-01a1f1,113.539,177.548,pgque,32
,,active_readers_pgmq,,83.5,122.0,802.3,818.8,119.5,145.0,802.2,809.4,,,C,clean_1,clean,3.673884435556829,3.8498309440910816,4.0,96.0,0,,,/home/brian/dev/postgresql-job-queue-benchmarking/results/custom-20260508T231929Z-f1f728,83.5,122.0,pgmq,32
,,active_readers_pgmq,,22208.5,107915.0,313.79999999999995,803.8,22256.0,108001.0,801.9,817.6,,,C,readers_1,active-readers,25.193430289315682,29.584429304425914,17814.5,86355.0,0,,,/home/brian/dev/postgresql-job-queue-benchmarking/results/custom-20260508T231929Z-f1f728,22208.5,107915.0,pgmq,32
,,active_readers_pgmq,,123.0,109625.0,802.6,5886.0,157.0,109631.0,802.4,815.2,,,C,recovery_1,clean,3.851913963444531,28.29747771223386,5.5,72078.0,0,,,/home/brian/dev/postgresql-job-queue-benchmarking/results/custom-20260508T231929Z-f1f728,123.0,109625.0,pgmq,32
0.0,0.0,event_burst_awa,,934.655,1106.943,6189.104895607323,7027.514974096329,936.703,1108.991,6143.540631053791,7564.286468687464,,,C,clean_1,clean,0.2225,0.456,1960.5,3712.0,0,0.0,0.0,/home/brian/dev/postgresql-job-queue-benchmarking/results/custom-20260508T232716Z-8547f5,934.655,1106.943,awa,64
0.0,0.0,event_burst_awa,,1074.687,1273.855,4933.866395841979,6937.865416366942,1076.7350000000001,1275.903,4980.1259312371,7117.738347105323,,,C,pressure_1,high-load,0.4175,0.838,2232.0,3952.0,0,0.0,0.0,/home/brian/dev/postgresql-job-queue-benchmarking/results/custom-20260508T232716Z-8547f5,1074.687,1273.855,awa,64
0.0,0.0,event_burst_awa,,960.767,1520.639,4947.058891215682,7066.627273094957,962.559,1522.687,4838.492495654984,7168.839238804473,,,C,recovery_1,clean,0.40349999999999997,0.502,2257.0,3744.0,0,0.0,0.0,/home/brian/dev/postgresql-job-queue-benchmarking/results/custom-20260508T232716Z-8547f5,960.767,1520.639,awa,64
,,event_burst_absurd,,,,,,,,,,,True,C,?,?,,,,,137,,,,,,?,64
,,event_burst_oban,,16.5,39.0,227.3861792480689,233.10675729708117,,,227.18629917611207,233.50659736105558,,,C,clean_1,clean,,,2.0,3.0,0,,,/home/brian/dev/postgresql-job-queue-benchmarking/results/custom-20260508T235316Z-056803,,,oban,64
,,event_burst_oban,,16.0,22.0,226.46412152708373,234.45932440535677,,,226.26424145512692,234.6592044773136,,,C,pressure_1,high-load,,,2.0,3.0,0,,,/home/brian/dev/postgresql-job-queue-benchmarking/results/custom-20260508T235316Z-056803,,,oban,64
,,event_burst_oban,,17.0,20.0,225.74213265805506,235.05896462122726,,,225.74213265805506,234.85908454927042,,,C,recovery_1,clean,,,2.0,3.0,0,,,/home/brian/dev/postgresql-job-queue-benchmarking/results/custom-20260508T235316Z-056803,,,oban,64
,,event_burst_pgboss,,,,,,,,,,,True,C,?,?,,,,,137,,,,,,?,64
,,event_burst_procrastinate,,,,,,,,,,,True,C,?,?,,,,,137,,,,,,?,64
,,event_burst_river,,,,,,,,,,,True,C,?,?,,,,,137,,,,,,?,64
,,event_burst_pgque,,113.3485,158.333,1196.8850819158047,1202.5097760848143,114.8825,160.353,1201.6673217247385,1202.9120076939748,,,C,clean_1,clean,0.15287824984019002,0.18920258228336612,0.0,0.0,0,,,/home/brian/dev/postgresql-job-queue-benchmarking/results/custom-20260509T004905Z-ccdedf,113.3485,158.333,pgque,64
,,event_burst_pgque,,113.297,153.827,1200.8473896259957,1226.0716741700446,114.84899999999999,155.115,1201.3917716510132,1202.4081681360199,,,C,pressure_1,high-load,0.1544316493285199,0.9234376950189471,0.0,0.0,0,,,/home/brian/dev/postgresql-job-queue-benchmarking/results/custom-20260509T004905Z-ccdedf,113.297,153.827,pgque,64
,,event_burst_pgque,,113.31,140.315,1200.8997582459485,1225.7193176386063,114.85999999999999,141.89,1201.1289486168075,1202.1266352939824,,,C,recovery_1,clean,0.15557343140244484,0.9124915658806761,0.0,0.0,0,,,/home/brian/dev/postgresql-job-queue-benchmarking/results/custom-20260509T004905Z-ccdedf,113.31,140.315,pgque,64
,,event_burst_pgmq,,,,,,,,,,,True,C,?,?,,,,,137,,,,,,?,64
0.0,0.0,dlq_terminal_awa,,,,0.0,0.0,,,1413.8907481495019,1638.2960402864676,,,D,clean,clean,0.7855,1.329,2394.0,3432.0,0,1442.3027415387203,1503.9084206682078,/home/brian/dev/postgresql-job-queue-benchmarking/results/custom-20260509T012115Z-0e4480,,,awa,32
0.0,0.0,dlq_retry_smoke_awa,,5494.782999999999,5713.919,1837.9698639180706,2037.2194999076446,5494.782999999999,5713.919,1789.7511193918162,2466.4130818549866,,,D,clean,clean,0.34850000000000003,0.793,2753.5,4930.0,0,909.5779476228552,1105.5396534546924,/home/brian/dev/postgresql-job-queue-benchmarking/results/custom-20260509T012513Z-f1d084,5494.782999999999,5713.919,awa,32
,,dlq_terminal_pgque,,69749.71800000001,114191.357,380.51882846134777,400.4337729543495,69751.438,114192.681,800.722945717905,801.3665995320099,,,D,clean,clean,0.4796687513589859,1.3020916958339512,55820.0,91330.0,0,,,/home/brian/dev/postgresql-job-queue-benchmarking/results/custom-20260509T012909Z-a7dd71,69749.71800000001,114191.357,pgque,32
0.0,0.0,mixed_priority_awa,,3749.887,4163.583,2651.6021645128676,3481.926162970173,3751.935,4165.631,2648.0018900192995,3635.5229058283635,,,E,clean,clean,0.273,0.46,2311.0,3264.0,0,0.0,0.0,/home/brian/dev/postgresql-job-queue-benchmarking/results/custom-20260509T014255Z-b36443,3749.887,4163.583,awa,32
0.0,0.0,starvation_awa_60min,,7454.719,8749.055,2657.3995090322865,3773.149796399961,7456.767,8749.055,2693.2644814199616,4157.747018766133,,,E,clean,clean,0.382,0.83,2488.5,4501.0,0,0.0,0.0,/home/brian/dev/postgresql-job-queue-benchmarking/results/custom-20260509T014900Z-25a234,7454.719,8749.055,awa,32
0.0,0.0,mixed_queue_awa,,1611.775,1946.623,3915.4430658967476,6104.762357571751,1614.335,1947.647,3920.1234574000364,6374.627066765968,,,F,clean,clean,0.3535,0.486,1791.5,3152.0,0,0.0,0.0,/home/brian/dev/postgresql-job-queue-benchmarking/results/custom-20260509T025558Z-288ae5,1611.775,1946.623,awa,64
,,mixed_queue_pgque,,133.39,136.90099999999998,800.5347608443074,813.1005164104105,134.68349999999998,138.13400000000001,800.592141309191,801.4017401554697,,,F,clean,clean,0.24818587698973715,0.5684412433765829,0.0,40.0,0,,,/home/brian/dev/postgresql-job-queue-benchmarking/results/custom-20260509T030159Z-1fee4d,133.39,136.90099999999998,pgque,64
0.0,0.0,soak_awa_6h,,574.463,15933.439,7347.513156582564,10785.550826914872,576.511,15933.439,7362.468162176412,10799.65044416805,,,G,clean,clean,0.378,2.695,1664.0,4352.0,0,0.0,0.0,/home/brian/dev/postgresql-job-queue-benchmarking/results/custom-20260509T031246Z-3b88d4,574.463,15933.439,awa,128
